	NaiveDrift	NaiveMean	NaiveMovingAverage	NaiveSeasonal
	MAE	MAE	MAE	MAE
Dataset				
AirPassengers	109.91379310344827	200.3625187406297	77.25870691890893	90.72413793103448
GasRateCO2_0	1.8530836879432626	0.6773381355932204	0.8767690808441331	1.3148666666666666
GasRateCO2_1	2.285617021276595	2.575918079096041	2.3406124051538133	3.6349999999999993
HeartRate	5.746054158945253	5.456952347222224	6.06404102762909	8.458616666666666
MonthlyMilk	67.31667403803627	129.42625109745387	50.31210057035058	67.79411764705883
Wooly	1201.6586879432625	1024.0307017543857	970.6254968906502	1068.9583333333333
