	NaiveDrift	NaiveDrift	NaiveMean	NaiveMean	NaiveMovingAverage	NaiveMovingAverage	NaiveSeasonal	NaiveSeasonal
	MAE	MSE	MAE	MSE	MAE	MSE	MAE	MSE
Dataset								
AirPassengers	109.91379310344827	15038.703280054342	200.3625187406297	46249.628809073714	77.25870691890893	10481.099628905165	90.72413793103448	13839.0
GasRateCO2_0	1.8530836879432626	4.137338757483025	0.6773381355932204	0.7310693489741932	0.8767690808441331	1.1211299907597825	1.3148666666666666	2.3218298
GasRateCO2_1	2.285617021276595	7.191393451033647	2.575918079096041	9.52646048788659	2.3406124051538133	7.997265484973188	3.6349999999999993	16.99116666666667
HeartRate	5.746054158945253	58.56801619036208	5.456952347222224	43.94128815483542	6.06404102762909	51.647923070707776	8.458616666666666	97.85021379572223
MonthlyMilk	67.31667403803627	7567.594031518426	129.42625109745387	20332.386307051216	50.31210057035058	3655.639634504332	67.79411764705883	6413.264705882353
Wooly	1201.6586879432625	1755937.973460842	1024.0307017543857	1300949.9946906737	970.6254968906502	1168143.2773791465	1068.9583333333333	1507077.7083333333
